sample_index,time_seconds,reference_hz,sample_rate_hz,comparison_hz,lowest_alias_hz,reference_value,comparison_value
0,0,6.5,12,5.5,5.5,1,1
1,0.08333333333333333,6.5,12,5.5,5.5,-0.9659258262890683,-0.9659258262890681
2,0.16666666666666666,6.5,12,5.5,5.5,0.8660254037844386,0.8660254037844379
3,0.25,6.5,12,5.5,5.5,-0.7071067811865471,-0.7071067811865467
4,0.3333333333333333,6.5,12,5.5,5.5,0.49999999999999994,0.49999999999999756
5,0.4166666666666667,6.5,12,5.5,5.5,-0.2588190451025177,-0.2588190451025199
6,0.5,6.5,12,5.5,5.5,-9.803364199544708e-16,-2.4499125789312946e-15
7,0.5833333333333334,6.5,12,5.5,5.5,0.258819045102523,0.25881904510252124
8,0.6666666666666666,6.5,12,5.5,5.5,-0.5000000000000001,-0.5000000000000049
9,0.75,6.5,12,5.5,5.5,0.7071067811865486,0.7071067811865501
10,0.8333333333333334,6.5,12,5.5,5.5,-0.8660254037844418,-0.8660254037844395
11,0.9166666666666666,6.5,12,5.5,5.5,0.9659258262890675,0.9659258262890701
12,1,6.5,12,5.5,5.5,-1,-1
