row_type,model,substrate_concentration_units,inhibitor_ratio_I_over_Ki,baseline_Vmax_product_units_per_min,baseline_Km_concentration_units,apparent_Vmax_product_units_per_min,apparent_Km_concentration_units,initial_rate_product_units_per_min,rate_fraction_of_uninhibited
current,uninhibited,5e-324,3,10,1,10,1,5e-323,1
current,competitive,5e-324,3,10,1,10,4,1e-323,0.25
current,pure_noncompetitive,5e-324,3,10,1,2.5,1,1e-323,0.25
curve_sample,uninhibited,0,3,10,1,10,1,0,
curve_sample,competitive,0,3,10,1,10,4,0,
curve_sample,pure_noncompetitive,0,3,10,1,2.5,1,0,
curve_sample,uninhibited,0.25,3,10,1,10,1,2,1
curve_sample,competitive,0.25,3,10,1,10,4,0.5882352941176471,0.29411764705882354
curve_sample,pure_noncompetitive,0.25,3,10,1,2.5,1,0.5,0.25
curve_sample,uninhibited,0.5,3,10,1,10,1,3.3333333333333335,1
curve_sample,competitive,0.5,3,10,1,10,4,1.1111111111111112,0.3333333333333333
curve_sample,pure_noncompetitive,0.5,3,10,1,2.5,1,0.8333333333333334,0.25
curve_sample,uninhibited,0.75,3,10,1,10,1,4.285714285714286,1
curve_sample,competitive,0.75,3,10,1,10,4,1.5789473684210527,0.3684210526315789
curve_sample,pure_noncompetitive,0.75,3,10,1,2.5,1,1.0714285714285714,0.25
curve_sample,uninhibited,1,3,10,1,10,1,5,1
curve_sample,competitive,1,3,10,1,10,4,2,0.4
curve_sample,pure_noncompetitive,1,3,10,1,2.5,1,1.25,0.25
curve_sample,uninhibited,1.25,3,10,1,10,1,5.555555555555555,1
curve_sample,competitive,1.25,3,10,1,10,4,2.380952380952381,0.42857142857142855
curve_sample,pure_noncompetitive,1.25,3,10,1,2.5,1,1.3888888888888888,0.25
curve_sample,uninhibited,1.5,3,10,1,10,1,6,1
curve_sample,competitive,1.5,3,10,1,10,4,2.727272727272727,0.45454545454545453
curve_sample,pure_noncompetitive,1.5,3,10,1,2.5,1,1.5,0.25
curve_sample,uninhibited,1.75,3,10,1,10,1,6.363636363636363,1
curve_sample,competitive,1.75,3,10,1,10,4,3.0434782608695654,0.4782608695652174
curve_sample,pure_noncompetitive,1.75,3,10,1,2.5,1,1.5909090909090908,0.25
curve_sample,uninhibited,2,3,10,1,10,1,6.666666666666667,1
curve_sample,competitive,2,3,10,1,10,4,3.3333333333333335,0.5
curve_sample,pure_noncompetitive,2,3,10,1,2.5,1,1.6666666666666667,0.25
curve_sample,uninhibited,2.25,3,10,1,10,1,6.923076923076923,1
curve_sample,competitive,2.25,3,10,1,10,4,3.6,0.52
curve_sample,pure_noncompetitive,2.25,3,10,1,2.5,1,1.7307692307692308,0.25
curve_sample,uninhibited,2.5,3,10,1,10,1,7.142857142857143,1
curve_sample,competitive,2.5,3,10,1,10,4,3.8461538461538463,0.5384615384615384
curve_sample,pure_noncompetitive,2.5,3,10,1,2.5,1,1.7857142857142858,0.25
curve_sample,uninhibited,2.75,3,10,1,10,1,7.333333333333333,1
curve_sample,competitive,2.75,3,10,1,10,4,4.074074074074074,0.5555555555555556
curve_sample,pure_noncompetitive,2.75,3,10,1,2.5,1,1.8333333333333333,0.25
curve_sample,uninhibited,3,3,10,1,10,1,7.5,1
curve_sample,competitive,3,3,10,1,10,4,4.285714285714286,0.5714285714285714
curve_sample,pure_noncompetitive,3,3,10,1,2.5,1,1.875,0.25
curve_sample,uninhibited,3.25,3,10,1,10,1,7.647058823529412,1
curve_sample,competitive,3.25,3,10,1,10,4,4.482758620689655,0.5862068965517241
curve_sample,pure_noncompetitive,3.25,3,10,1,2.5,1,1.911764705882353,0.25
curve_sample,uninhibited,3.5,3,10,1,10,1,7.777777777777778,1
curve_sample,competitive,3.5,3,10,1,10,4,4.666666666666667,0.6
curve_sample,pure_noncompetitive,3.5,3,10,1,2.5,1,1.9444444444444444,0.25
curve_sample,uninhibited,3.75,3,10,1,10,1,7.894736842105263,1
curve_sample,competitive,3.75,3,10,1,10,4,4.838709677419355,0.6129032258064516
curve_sample,pure_noncompetitive,3.75,3,10,1,2.5,1,1.9736842105263157,0.25
curve_sample,uninhibited,4,3,10,1,10,1,8,1
curve_sample,competitive,4,3,10,1,10,4,5,0.625
curve_sample,pure_noncompetitive,4,3,10,1,2.5,1,2,0.25
curve_sample,uninhibited,4.25,3,10,1,10,1,8.095238095238095,1
curve_sample,competitive,4.25,3,10,1,10,4,5.151515151515151,0.6363636363636364
curve_sample,pure_noncompetitive,4.25,3,10,1,2.5,1,2.0238095238095237,0.25
curve_sample,uninhibited,4.5,3,10,1,10,1,8.181818181818182,1
curve_sample,competitive,4.5,3,10,1,10,4,5.294117647058823,0.6470588235294118
curve_sample,pure_noncompetitive,4.5,3,10,1,2.5,1,2.0454545454545454,0.25
curve_sample,uninhibited,4.75,3,10,1,10,1,8.26086956521739,1
curve_sample,competitive,4.75,3,10,1,10,4,5.428571428571429,0.6571428571428571
curve_sample,pure_noncompetitive,4.75,3,10,1,2.5,1,2.0652173913043477,0.25
curve_sample,uninhibited,5,3,10,1,10,1,8.333333333333334,1
curve_sample,competitive,5,3,10,1,10,4,5.555555555555555,0.6666666666666666
curve_sample,pure_noncompetitive,5,3,10,1,2.5,1,2.0833333333333335,0.25
curve_sample,uninhibited,5.25,3,10,1,10,1,8.4,1
curve_sample,competitive,5.25,3,10,1,10,4,5.675675675675675,0.6756756756756757
curve_sample,pure_noncompetitive,5.25,3,10,1,2.5,1,2.1,0.25
curve_sample,uninhibited,5.5,3,10,1,10,1,8.461538461538462,1
curve_sample,competitive,5.5,3,10,1,10,4,5.7894736842105265,0.6842105263157895
curve_sample,pure_noncompetitive,5.5,3,10,1,2.5,1,2.1153846153846154,0.25
curve_sample,uninhibited,5.75,3,10,1,10,1,8.518518518518519,1
curve_sample,competitive,5.75,3,10,1,10,4,5.897435897435898,0.6923076923076923
curve_sample,pure_noncompetitive,5.75,3,10,1,2.5,1,2.1296296296296298,0.25
curve_sample,uninhibited,6,3,10,1,10,1,8.571428571428571,1
curve_sample,competitive,6,3,10,1,10,4,6,0.7
curve_sample,pure_noncompetitive,6,3,10,1,2.5,1,2.142857142857143,0.25
curve_sample,uninhibited,6.25,3,10,1,10,1,8.620689655172415,1
curve_sample,competitive,6.25,3,10,1,10,4,6.097560975609756,0.7073170731707317
curve_sample,pure_noncompetitive,6.25,3,10,1,2.5,1,2.1551724137931036,0.25
curve_sample,uninhibited,6.5,3,10,1,10,1,8.666666666666666,1
curve_sample,competitive,6.5,3,10,1,10,4,6.190476190476191,0.7142857142857143
curve_sample,pure_noncompetitive,6.5,3,10,1,2.5,1,2.1666666666666665,0.25
curve_sample,uninhibited,6.75,3,10,1,10,1,8.709677419354838,1
curve_sample,competitive,6.75,3,10,1,10,4,6.27906976744186,0.7209302325581395
curve_sample,pure_noncompetitive,6.75,3,10,1,2.5,1,2.1774193548387095,0.25
curve_sample,uninhibited,7,3,10,1,10,1,8.75,1
curve_sample,competitive,7,3,10,1,10,4,6.363636363636363,0.7272727272727273
curve_sample,pure_noncompetitive,7,3,10,1,2.5,1,2.1875,0.25
curve_sample,uninhibited,7.25,3,10,1,10,1,8.787878787878787,1
curve_sample,competitive,7.25,3,10,1,10,4,6.444444444444445,0.7333333333333333
curve_sample,pure_noncompetitive,7.25,3,10,1,2.5,1,2.196969696969697,0.25
curve_sample,uninhibited,7.5,3,10,1,10,1,8.823529411764707,1
curve_sample,competitive,7.5,3,10,1,10,4,6.521739130434782,0.7391304347826086
curve_sample,pure_noncompetitive,7.5,3,10,1,2.5,1,2.2058823529411766,0.25
curve_sample,uninhibited,7.75,3,10,1,10,1,8.857142857142858,1
curve_sample,competitive,7.75,3,10,1,10,4,6.595744680851064,0.7446808510638298
curve_sample,pure_noncompetitive,7.75,3,10,1,2.5,1,2.2142857142857144,0.25
curve_sample,uninhibited,8,3,10,1,10,1,8.88888888888889,1
curve_sample,competitive,8,3,10,1,10,4,6.666666666666667,0.75
curve_sample,pure_noncompetitive,8,3,10,1,2.5,1,2.2222222222222223,0.25
curve_sample,uninhibited,8.25,3,10,1,10,1,8.91891891891892,1
curve_sample,competitive,8.25,3,10,1,10,4,6.73469387755102,0.7551020408163265
curve_sample,pure_noncompetitive,8.25,3,10,1,2.5,1,2.22972972972973,0.25
curve_sample,uninhibited,8.5,3,10,1,10,1,8.947368421052632,1
curve_sample,competitive,8.5,3,10,1,10,4,6.8,0.76
curve_sample,pure_noncompetitive,8.5,3,10,1,2.5,1,2.236842105263158,0.25
curve_sample,uninhibited,8.75,3,10,1,10,1,8.974358974358974,1
curve_sample,competitive,8.75,3,10,1,10,4,6.862745098039215,0.7647058823529411
curve_sample,pure_noncompetitive,8.75,3,10,1,2.5,1,2.2435897435897436,0.25
curve_sample,uninhibited,9,3,10,1,10,1,9,1
curve_sample,competitive,9,3,10,1,10,4,6.923076923076923,0.7692307692307693
curve_sample,pure_noncompetitive,9,3,10,1,2.5,1,2.25,0.25
curve_sample,uninhibited,9.25,3,10,1,10,1,9.024390243902438,1
curve_sample,competitive,9.25,3,10,1,10,4,6.981132075471698,0.7735849056603774
curve_sample,pure_noncompetitive,9.25,3,10,1,2.5,1,2.2560975609756095,0.25
curve_sample,uninhibited,9.5,3,10,1,10,1,9.047619047619047,1
curve_sample,competitive,9.5,3,10,1,10,4,7.037037037037037,0.7777777777777778
curve_sample,pure_noncompetitive,9.5,3,10,1,2.5,1,2.261904761904762,0.25
curve_sample,uninhibited,9.75,3,10,1,10,1,9.069767441860465,1
curve_sample,competitive,9.75,3,10,1,10,4,7.090909090909091,0.7818181818181819
curve_sample,pure_noncompetitive,9.75,3,10,1,2.5,1,2.2674418604651163,0.25
curve_sample,uninhibited,10,3,10,1,10,1,9.090909090909092,1
curve_sample,competitive,10,3,10,1,10,4,7.142857142857143,0.7857142857142857
curve_sample,pure_noncompetitive,10,3,10,1,2.5,1,2.272727272727273,0.25
curve_sample,uninhibited,10.25,3,10,1,10,1,9.11111111111111,1
curve_sample,competitive,10.25,3,10,1,10,4,7.192982456140351,0.7894736842105263
curve_sample,pure_noncompetitive,10.25,3,10,1,2.5,1,2.2777777777777777,0.25
curve_sample,uninhibited,10.5,3,10,1,10,1,9.130434782608695,1
curve_sample,competitive,10.5,3,10,1,10,4,7.241379310344827,0.7931034482758621
curve_sample,pure_noncompetitive,10.5,3,10,1,2.5,1,2.282608695652174,0.25
curve_sample,uninhibited,10.75,3,10,1,10,1,9.148936170212766,1
curve_sample,competitive,10.75,3,10,1,10,4,7.288135593220339,0.7966101694915254
curve_sample,pure_noncompetitive,10.75,3,10,1,2.5,1,2.2872340425531914,0.25
curve_sample,uninhibited,11,3,10,1,10,1,9.166666666666666,1
curve_sample,competitive,11,3,10,1,10,4,7.333333333333333,0.8
curve_sample,pure_noncompetitive,11,3,10,1,2.5,1,2.2916666666666665,0.25
curve_sample,uninhibited,11.25,3,10,1,10,1,9.183673469387756,1
curve_sample,competitive,11.25,3,10,1,10,4,7.377049180327869,0.8032786885245902
curve_sample,pure_noncompetitive,11.25,3,10,1,2.5,1,2.295918367346939,0.25
curve_sample,uninhibited,11.5,3,10,1,10,1,9.2,1
curve_sample,competitive,11.5,3,10,1,10,4,7.419354838709677,0.8064516129032258
curve_sample,pure_noncompetitive,11.5,3,10,1,2.5,1,2.3,0.25
curve_sample,uninhibited,11.75,3,10,1,10,1,9.215686274509803,1
curve_sample,competitive,11.75,3,10,1,10,4,7.4603174603174605,0.8095238095238095
curve_sample,pure_noncompetitive,11.75,3,10,1,2.5,1,2.303921568627451,0.25
curve_sample,uninhibited,12,3,10,1,10,1,9.23076923076923,1
curve_sample,competitive,12,3,10,1,10,4,7.5,0.8125
curve_sample,pure_noncompetitive,12,3,10,1,2.5,1,2.3076923076923075,0.25
curve_sample,uninhibited,12.25,3,10,1,10,1,9.245283018867925,1
curve_sample,competitive,12.25,3,10,1,10,4,7.538461538461538,0.8153846153846154
curve_sample,pure_noncompetitive,12.25,3,10,1,2.5,1,2.311320754716981,0.25
curve_sample,uninhibited,12.5,3,10,1,10,1,9.25925925925926,1
curve_sample,competitive,12.5,3,10,1,10,4,7.575757575757576,0.8181818181818182
curve_sample,pure_noncompetitive,12.5,3,10,1,2.5,1,2.314814814814815,0.25
curve_sample,uninhibited,12.75,3,10,1,10,1,9.272727272727273,1
curve_sample,competitive,12.75,3,10,1,10,4,7.611940298507463,0.8208955223880597
curve_sample,pure_noncompetitive,12.75,3,10,1,2.5,1,2.3181818181818183,0.25
curve_sample,uninhibited,13,3,10,1,10,1,9.285714285714286,1
curve_sample,competitive,13,3,10,1,10,4,7.647058823529412,0.8235294117647058
curve_sample,pure_noncompetitive,13,3,10,1,2.5,1,2.3214285714285716,0.25
curve_sample,uninhibited,13.25,3,10,1,10,1,9.298245614035087,1
curve_sample,competitive,13.25,3,10,1,10,4,7.681159420289855,0.8260869565217391
curve_sample,pure_noncompetitive,13.25,3,10,1,2.5,1,2.324561403508772,0.25
curve_sample,uninhibited,13.5,3,10,1,10,1,9.310344827586206,1
curve_sample,competitive,13.5,3,10,1,10,4,7.714285714285714,0.8285714285714286
curve_sample,pure_noncompetitive,13.5,3,10,1,2.5,1,2.3275862068965516,0.25
curve_sample,uninhibited,13.75,3,10,1,10,1,9.322033898305085,1
curve_sample,competitive,13.75,3,10,1,10,4,7.746478873239437,0.8309859154929577
curve_sample,pure_noncompetitive,13.75,3,10,1,2.5,1,2.330508474576271,0.25
curve_sample,uninhibited,14,3,10,1,10,1,9.333333333333334,1
curve_sample,competitive,14,3,10,1,10,4,7.777777777777778,0.8333333333333334
curve_sample,pure_noncompetitive,14,3,10,1,2.5,1,2.3333333333333335,0.25
curve_sample,uninhibited,14.25,3,10,1,10,1,9.344262295081966,1
curve_sample,competitive,14.25,3,10,1,10,4,7.808219178082192,0.8356164383561644
curve_sample,pure_noncompetitive,14.25,3,10,1,2.5,1,2.3360655737704916,0.25
curve_sample,uninhibited,14.5,3,10,1,10,1,9.35483870967742,1
curve_sample,competitive,14.5,3,10,1,10,4,7.837837837837838,0.8378378378378378
curve_sample,pure_noncompetitive,14.5,3,10,1,2.5,1,2.338709677419355,0.25
curve_sample,uninhibited,14.75,3,10,1,10,1,9.365079365079366,1
curve_sample,competitive,14.75,3,10,1,10,4,7.866666666666666,0.84
curve_sample,pure_noncompetitive,14.75,3,10,1,2.5,1,2.3412698412698414,0.25
curve_sample,uninhibited,15,3,10,1,10,1,9.375,1
curve_sample,competitive,15,3,10,1,10,4,7.894736842105263,0.8421052631578947
curve_sample,pure_noncompetitive,15,3,10,1,2.5,1,2.34375,0.25
curve_sample,uninhibited,15.25,3,10,1,10,1,9.384615384615385,1
curve_sample,competitive,15.25,3,10,1,10,4,7.922077922077922,0.8441558441558441
curve_sample,pure_noncompetitive,15.25,3,10,1,2.5,1,2.3461538461538463,0.25
curve_sample,uninhibited,15.5,3,10,1,10,1,9.393939393939394,1
curve_sample,competitive,15.5,3,10,1,10,4,7.948717948717949,0.8461538461538461
curve_sample,pure_noncompetitive,15.5,3,10,1,2.5,1,2.3484848484848486,0.25
curve_sample,uninhibited,15.75,3,10,1,10,1,9.402985074626866,1
curve_sample,competitive,15.75,3,10,1,10,4,7.974683544303797,0.8481012658227848
curve_sample,pure_noncompetitive,15.75,3,10,1,2.5,1,2.3507462686567164,0.25
curve_sample,uninhibited,16,3,10,1,10,1,9.411764705882353,1
curve_sample,competitive,16,3,10,1,10,4,8,0.85
curve_sample,pure_noncompetitive,16,3,10,1,2.5,1,2.3529411764705883,0.25
curve_sample,uninhibited,16.25,3,10,1,10,1,9.420289855072463,1
curve_sample,competitive,16.25,3,10,1,10,4,8.024691358024691,0.8518518518518519
curve_sample,pure_noncompetitive,16.25,3,10,1,2.5,1,2.3550724637681157,0.25
curve_sample,uninhibited,16.5,3,10,1,10,1,9.428571428571429,1
curve_sample,competitive,16.5,3,10,1,10,4,8.048780487804878,0.8536585365853658
curve_sample,pure_noncompetitive,16.5,3,10,1,2.5,1,2.357142857142857,0.25
curve_sample,uninhibited,16.75,3,10,1,10,1,9.43661971830986,1
curve_sample,competitive,16.75,3,10,1,10,4,8.072289156626505,0.8554216867469879
curve_sample,pure_noncompetitive,16.75,3,10,1,2.5,1,2.359154929577465,0.25
curve_sample,uninhibited,17,3,10,1,10,1,9.444444444444445,1
curve_sample,competitive,17,3,10,1,10,4,8.095238095238095,0.8571428571428571
curve_sample,pure_noncompetitive,17,3,10,1,2.5,1,2.361111111111111,0.25
curve_sample,uninhibited,17.25,3,10,1,10,1,9.452054794520548,1
curve_sample,competitive,17.25,3,10,1,10,4,8.117647058823529,0.8588235294117647
curve_sample,pure_noncompetitive,17.25,3,10,1,2.5,1,2.363013698630137,0.25
curve_sample,uninhibited,17.5,3,10,1,10,1,9.45945945945946,1
curve_sample,competitive,17.5,3,10,1,10,4,8.13953488372093,0.8604651162790697
curve_sample,pure_noncompetitive,17.5,3,10,1,2.5,1,2.364864864864865,0.25
curve_sample,uninhibited,17.75,3,10,1,10,1,9.466666666666667,1
curve_sample,competitive,17.75,3,10,1,10,4,8.160919540229886,0.8620689655172413
curve_sample,pure_noncompetitive,17.75,3,10,1,2.5,1,2.3666666666666667,0.25
curve_sample,uninhibited,18,3,10,1,10,1,9.473684210526315,1
curve_sample,competitive,18,3,10,1,10,4,8.181818181818182,0.8636363636363636
curve_sample,pure_noncompetitive,18,3,10,1,2.5,1,2.3684210526315788,0.25
curve_sample,uninhibited,18.25,3,10,1,10,1,9.480519480519481,1
curve_sample,competitive,18.25,3,10,1,10,4,8.202247191011235,0.8651685393258427
curve_sample,pure_noncompetitive,18.25,3,10,1,2.5,1,2.3701298701298703,0.25
curve_sample,uninhibited,18.5,3,10,1,10,1,9.487179487179487,1
curve_sample,competitive,18.5,3,10,1,10,4,8.222222222222221,0.8666666666666667
curve_sample,pure_noncompetitive,18.5,3,10,1,2.5,1,2.371794871794872,0.25
curve_sample,uninhibited,18.75,3,10,1,10,1,9.49367088607595,1
curve_sample,competitive,18.75,3,10,1,10,4,8.241758241758241,0.8681318681318682
curve_sample,pure_noncompetitive,18.75,3,10,1,2.5,1,2.3734177215189876,0.25
curve_sample,uninhibited,19,3,10,1,10,1,9.5,1
curve_sample,competitive,19,3,10,1,10,4,8.26086956521739,0.8695652173913043
curve_sample,pure_noncompetitive,19,3,10,1,2.5,1,2.375,0.25
curve_sample,uninhibited,19.25,3,10,1,10,1,9.506172839506172,1
curve_sample,competitive,19.25,3,10,1,10,4,8.279569892473118,0.8709677419354839
curve_sample,pure_noncompetitive,19.25,3,10,1,2.5,1,2.376543209876543,0.25
curve_sample,uninhibited,19.5,3,10,1,10,1,9.512195121951219,1
curve_sample,competitive,19.5,3,10,1,10,4,8.297872340425531,0.8723404255319149
curve_sample,pure_noncompetitive,19.5,3,10,1,2.5,1,2.3780487804878048,0.25
curve_sample,uninhibited,19.75,3,10,1,10,1,9.518072289156626,1
curve_sample,competitive,19.75,3,10,1,10,4,8.31578947368421,0.8736842105263158
curve_sample,pure_noncompetitive,19.75,3,10,1,2.5,1,2.3795180722891565,0.25
curve_sample,uninhibited,20,3,10,1,10,1,9.523809523809524,1
curve_sample,competitive,20,3,10,1,10,4,8.333333333333334,0.875
curve_sample,pure_noncompetitive,20,3,10,1,2.5,1,2.380952380952381,0.25
curve_sample,uninhibited,20.25,3,10,1,10,1,9.529411764705882,1
curve_sample,competitive,20.25,3,10,1,10,4,8.350515463917526,0.8762886597938144
curve_sample,pure_noncompetitive,20.25,3,10,1,2.5,1,2.3823529411764706,0.25
curve_sample,uninhibited,20.5,3,10,1,10,1,9.534883720930232,1
curve_sample,competitive,20.5,3,10,1,10,4,8.36734693877551,0.8775510204081632
curve_sample,pure_noncompetitive,20.5,3,10,1,2.5,1,2.383720930232558,0.25
curve_sample,uninhibited,20.75,3,10,1,10,1,9.540229885057471,1
curve_sample,competitive,20.75,3,10,1,10,4,8.383838383838384,0.8787878787878788
curve_sample,pure_noncompetitive,20.75,3,10,1,2.5,1,2.3850574712643677,0.25
curve_sample,uninhibited,21,3,10,1,10,1,9.545454545454545,1
curve_sample,competitive,21,3,10,1,10,4,8.4,0.88
curve_sample,pure_noncompetitive,21,3,10,1,2.5,1,2.3863636363636362,0.25
curve_sample,uninhibited,21.25,3,10,1,10,1,9.55056179775281,1
curve_sample,competitive,21.25,3,10,1,10,4,8.415841584158416,0.8811881188118812
curve_sample,pure_noncompetitive,21.25,3,10,1,2.5,1,2.3876404494382024,0.25
curve_sample,uninhibited,21.5,3,10,1,10,1,9.555555555555555,1
curve_sample,competitive,21.5,3,10,1,10,4,8.431372549019608,0.8823529411764706
curve_sample,pure_noncompetitive,21.5,3,10,1,2.5,1,2.388888888888889,0.25
curve_sample,uninhibited,21.75,3,10,1,10,1,9.56043956043956,1
curve_sample,competitive,21.75,3,10,1,10,4,8.446601941747574,0.883495145631068
curve_sample,pure_noncompetitive,21.75,3,10,1,2.5,1,2.39010989010989,0.25
curve_sample,uninhibited,22,3,10,1,10,1,9.565217391304348,1
curve_sample,competitive,22,3,10,1,10,4,8.461538461538462,0.8846153846153846
curve_sample,pure_noncompetitive,22,3,10,1,2.5,1,2.391304347826087,0.25
curve_sample,uninhibited,22.25,3,10,1,10,1,9.56989247311828,1
curve_sample,competitive,22.25,3,10,1,10,4,8.476190476190476,0.8857142857142857
curve_sample,pure_noncompetitive,22.25,3,10,1,2.5,1,2.39247311827957,0.25
curve_sample,uninhibited,22.5,3,10,1,10,1,9.574468085106384,1
curve_sample,competitive,22.5,3,10,1,10,4,8.49056603773585,0.8867924528301887
curve_sample,pure_noncompetitive,22.5,3,10,1,2.5,1,2.393617021276596,0.25
curve_sample,uninhibited,22.75,3,10,1,10,1,9.578947368421053,1
curve_sample,competitive,22.75,3,10,1,10,4,8.504672897196262,0.8878504672897196
curve_sample,pure_noncompetitive,22.75,3,10,1,2.5,1,2.3947368421052633,0.25
curve_sample,uninhibited,23,3,10,1,10,1,9.583333333333334,1
curve_sample,competitive,23,3,10,1,10,4,8.518518518518519,0.8888888888888888
curve_sample,pure_noncompetitive,23,3,10,1,2.5,1,2.3958333333333335,0.25
curve_sample,uninhibited,23.25,3,10,1,10,1,9.587628865979381,1
curve_sample,competitive,23.25,3,10,1,10,4,8.53211009174312,0.8899082568807339
curve_sample,pure_noncompetitive,23.25,3,10,1,2.5,1,2.3969072164948453,0.25
curve_sample,uninhibited,23.5,3,10,1,10,1,9.591836734693878,1
curve_sample,competitive,23.5,3,10,1,10,4,8.545454545454545,0.8909090909090909
curve_sample,pure_noncompetitive,23.5,3,10,1,2.5,1,2.3979591836734695,0.25
curve_sample,uninhibited,23.75,3,10,1,10,1,9.595959595959595,1
curve_sample,competitive,23.75,3,10,1,10,4,8.558558558558559,0.8918918918918919
curve_sample,pure_noncompetitive,23.75,3,10,1,2.5,1,2.398989898989899,0.25
curve_sample,uninhibited,24,3,10,1,10,1,9.6,1
curve_sample,competitive,24,3,10,1,10,4,8.571428571428571,0.8928571428571429
curve_sample,pure_noncompetitive,24,3,10,1,2.5,1,2.4,0.25
curve_sample,uninhibited,24.25,3,10,1,10,1,9.603960396039604,1
curve_sample,competitive,24.25,3,10,1,10,4,8.584070796460177,0.8938053097345132
curve_sample,pure_noncompetitive,24.25,3,10,1,2.5,1,2.400990099009901,0.25
curve_sample,uninhibited,24.5,3,10,1,10,1,9.607843137254902,1
curve_sample,competitive,24.5,3,10,1,10,4,8.596491228070175,0.8947368421052632
curve_sample,pure_noncompetitive,24.5,3,10,1,2.5,1,2.4019607843137254,0.25
curve_sample,uninhibited,24.75,3,10,1,10,1,9.611650485436893,1
curve_sample,competitive,24.75,3,10,1,10,4,8.608695652173912,0.8956521739130435
curve_sample,pure_noncompetitive,24.75,3,10,1,2.5,1,2.4029126213592233,0.25
curve_sample,uninhibited,25,3,10,1,10,1,9.615384615384615,1
curve_sample,competitive,25,3,10,1,10,4,8.620689655172415,0.896551724137931
curve_sample,pure_noncompetitive,25,3,10,1,2.5,1,2.4038461538461537,0.25
curve_sample,uninhibited,25.25,3,10,1,10,1,9.619047619047619,1
curve_sample,competitive,25.25,3,10,1,10,4,8.632478632478632,0.8974358974358975
curve_sample,pure_noncompetitive,25.25,3,10,1,2.5,1,2.4047619047619047,0.25
curve_sample,uninhibited,25.5,3,10,1,10,1,9.622641509433961,1
curve_sample,competitive,25.5,3,10,1,10,4,8.64406779661017,0.8983050847457628
curve_sample,pure_noncompetitive,25.5,3,10,1,2.5,1,2.4056603773584904,0.25
curve_sample,uninhibited,25.75,3,10,1,10,1,9.626168224299066,1
curve_sample,competitive,25.75,3,10,1,10,4,8.655462184873949,0.8991596638655462
curve_sample,pure_noncompetitive,25.75,3,10,1,2.5,1,2.4065420560747666,0.25
curve_sample,uninhibited,26,3,10,1,10,1,9.62962962962963,1
curve_sample,competitive,26,3,10,1,10,4,8.666666666666666,0.9
curve_sample,pure_noncompetitive,26,3,10,1,2.5,1,2.4074074074074074,0.25
curve_sample,uninhibited,26.25,3,10,1,10,1,9.63302752293578,1
curve_sample,competitive,26.25,3,10,1,10,4,8.677685950413224,0.9008264462809917
curve_sample,pure_noncompetitive,26.25,3,10,1,2.5,1,2.408256880733945,0.25
curve_sample,uninhibited,26.5,3,10,1,10,1,9.636363636363637,1
curve_sample,competitive,26.5,3,10,1,10,4,8.688524590163935,0.9016393442622951
curve_sample,pure_noncompetitive,26.5,3,10,1,2.5,1,2.409090909090909,0.25
curve_sample,uninhibited,26.75,3,10,1,10,1,9.63963963963964,1
curve_sample,competitive,26.75,3,10,1,10,4,8.699186991869919,0.9024390243902439
curve_sample,pure_noncompetitive,26.75,3,10,1,2.5,1,2.40990990990991,0.25
curve_sample,uninhibited,27,3,10,1,10,1,9.642857142857142,1
curve_sample,competitive,27,3,10,1,10,4,8.709677419354838,0.9032258064516129
curve_sample,pure_noncompetitive,27,3,10,1,2.5,1,2.4107142857142856,0.25
curve_sample,uninhibited,27.25,3,10,1,10,1,9.646017699115044,1
curve_sample,competitive,27.25,3,10,1,10,4,8.72,0.904
curve_sample,pure_noncompetitive,27.25,3,10,1,2.5,1,2.411504424778761,0.25
curve_sample,uninhibited,27.5,3,10,1,10,1,9.649122807017545,1
curve_sample,competitive,27.5,3,10,1,10,4,8.73015873015873,0.9047619047619048
curve_sample,pure_noncompetitive,27.5,3,10,1,2.5,1,2.412280701754386,0.25
curve_sample,uninhibited,27.75,3,10,1,10,1,9.652173913043478,1
curve_sample,competitive,27.75,3,10,1,10,4,8.740157480314961,0.905511811023622
curve_sample,pure_noncompetitive,27.75,3,10,1,2.5,1,2.4130434782608696,0.25
curve_sample,uninhibited,28,3,10,1,10,1,9.655172413793103,1
curve_sample,competitive,28,3,10,1,10,4,8.75,0.90625
curve_sample,pure_noncompetitive,28,3,10,1,2.5,1,2.413793103448276,0.25
curve_sample,uninhibited,28.25,3,10,1,10,1,9.658119658119658,1
curve_sample,competitive,28.25,3,10,1,10,4,8.75968992248062,0.9069767441860465
curve_sample,pure_noncompetitive,28.25,3,10,1,2.5,1,2.4145299145299144,0.25
curve_sample,uninhibited,28.5,3,10,1,10,1,9.661016949152541,1
curve_sample,competitive,28.5,3,10,1,10,4,8.76923076923077,0.9076923076923077
curve_sample,pure_noncompetitive,28.5,3,10,1,2.5,1,2.4152542372881354,0.25
curve_sample,uninhibited,28.75,3,10,1,10,1,9.663865546218487,1
curve_sample,competitive,28.75,3,10,1,10,4,8.778625954198473,0.9083969465648855
curve_sample,pure_noncompetitive,28.75,3,10,1,2.5,1,2.4159663865546217,0.25
curve_sample,uninhibited,29,3,10,1,10,1,9.666666666666666,1
curve_sample,competitive,29,3,10,1,10,4,8.787878787878787,0.9090909090909091
curve_sample,pure_noncompetitive,29,3,10,1,2.5,1,2.4166666666666665,0.25
curve_sample,uninhibited,29.25,3,10,1,10,1,9.669421487603305,1
curve_sample,competitive,29.25,3,10,1,10,4,8.796992481203008,0.9097744360902256
curve_sample,pure_noncompetitive,29.25,3,10,1,2.5,1,2.4173553719008263,0.25
curve_sample,uninhibited,29.5,3,10,1,10,1,9.672131147540984,1
curve_sample,competitive,29.5,3,10,1,10,4,8.805970149253731,0.9104477611940298
curve_sample,pure_noncompetitive,29.5,3,10,1,2.5,1,2.418032786885246,0.25
curve_sample,uninhibited,29.75,3,10,1,10,1,9.674796747967479,1
curve_sample,competitive,29.75,3,10,1,10,4,8.814814814814815,0.9111111111111111
curve_sample,pure_noncompetitive,29.75,3,10,1,2.5,1,2.4186991869918697,0.25
curve_sample,uninhibited,30,3,10,1,10,1,9.67741935483871,1
curve_sample,competitive,30,3,10,1,10,4,8.823529411764707,0.9117647058823529
curve_sample,pure_noncompetitive,30,3,10,1,2.5,1,2.4193548387096775,0.25
curve_sample,uninhibited,30.25,3,10,1,10,1,9.68,1
curve_sample,competitive,30.25,3,10,1,10,4,8.832116788321168,0.9124087591240876
curve_sample,pure_noncompetitive,30.25,3,10,1,2.5,1,2.42,0.25
curve_sample,uninhibited,30.5,3,10,1,10,1,9.682539682539682,1
curve_sample,competitive,30.5,3,10,1,10,4,8.840579710144928,0.9130434782608695
curve_sample,pure_noncompetitive,30.5,3,10,1,2.5,1,2.4206349206349205,0.25
curve_sample,uninhibited,30.75,3,10,1,10,1,9.68503937007874,1
curve_sample,competitive,30.75,3,10,1,10,4,8.848920863309353,0.9136690647482014
curve_sample,pure_noncompetitive,30.75,3,10,1,2.5,1,2.421259842519685,0.25
curve_sample,uninhibited,31,3,10,1,10,1,9.6875,1
curve_sample,competitive,31,3,10,1,10,4,8.857142857142858,0.9142857142857143
curve_sample,pure_noncompetitive,31,3,10,1,2.5,1,2.421875,0.25
curve_sample,uninhibited,31.25,3,10,1,10,1,9.689922480620154,1
curve_sample,competitive,31.25,3,10,1,10,4,8.865248226950355,0.9148936170212766
curve_sample,pure_noncompetitive,31.25,3,10,1,2.5,1,2.4224806201550386,0.25
curve_sample,uninhibited,31.5,3,10,1,10,1,9.692307692307692,1
curve_sample,competitive,31.5,3,10,1,10,4,8.873239436619718,0.9154929577464789
curve_sample,pure_noncompetitive,31.5,3,10,1,2.5,1,2.423076923076923,0.25
curve_sample,uninhibited,31.75,3,10,1,10,1,9.694656488549619,1
curve_sample,competitive,31.75,3,10,1,10,4,8.881118881118882,0.916083916083916
curve_sample,pure_noncompetitive,31.75,3,10,1,2.5,1,2.4236641221374047,0.25
curve_sample,uninhibited,32,3,10,1,10,1,9.696969696969697,1
curve_sample,competitive,32,3,10,1,10,4,8.88888888888889,0.9166666666666666
curve_sample,pure_noncompetitive,32,3,10,1,2.5,1,2.4242424242424243,0.25
